title,path,path,series,tags,
激ヤバC言語/識りバース,gachi,shiri/gekic,がちなやつ,オリジナル,
エクストラギア,gachi,exgear/ex_gear,がちなやつ,オリジナル,
MANS-IN-DENSE-TRAIN,gachi,midt/midt,がちなやつ,オリジナル,
,,,,,
白雪姫フィジカル,physical,sryk_physical,フィジカルシリーズ,童話,
ポケットモンスタープロテイン,physical,pkmn_protein,フィジカルシリーズ,ゲーム,
ポケットモンスタープロテイン金,physical,pkmn_protein,フィジカルシリーズ,,ゲーム
筋法少女ふぃじかる☆れい●,physical,physical_rei,フィジカルシリーズ,オリジナル,
筋闘士ビルダイン,physical,pkmn_protein,フィジカルシリーズ,,アニメ
,,,,,
,,,,,
,,,,,
マジヤバエイリアン1979,yaba,y_alien1979,激ヤバシリーズ,洋画,
マジヤバガンダムSEED,yaba,y_gseed,激ヤバシリーズ,アニメ,
激ヤバキングダムハーツ,yaba,,激ヤバシリーズ,,ゲーム
激ヤバファイナルファンタジーⅣ,yaba,,激ヤバシリーズ,,ゲーム
激ヤバファイナルファンタジーⅦ,yaba,,激ヤバシリーズ,,ゲーム
激ヤバファイナルファンタジーⅩ,yaba,,激ヤバシリーズ,,ゲーム
激ヤバ甘々ポケットモンスター,yaba,,激ヤバシリーズ,,ゲーム
激ヤバ甘エヴァンゲリオン,yaba,,激ヤバシリーズ,,アニメ
激ヤバ甘装甲騎兵ボトムズ,yaba,,激ヤバシリーズ,,アニメ
激ヤバ甘々仮面ライダートゥルーエンド,yaba,,激ヤバシリーズ,,特撮
激ヤバ甘々仮面ライダーハッピーエンド,yaba,,激ヤバシリーズ,,特撮
,,,,,
,,,バグシリーズ,アニメ,
,,,,,
,,,,,
ドラゴンボールメディカル,ecstasy,db_med,気持ちよすぎるシリーズ,アニメ,
,ecstasy,marvel_izon,気持ちよすぎるシリーズ,洋画,
,,,,,
ガンダムSEED SLEEPING,ecstasy,sleep_gseed,気持ちよすぎるシリーズ,アニメ,
,,,,,
,,,,,
癌治療Any%RTA,rta,gan,RTAシリーズ,医療,
,,,,,
,,,,,
,,,,,
犬夜叉奈落倒すRTA,rta,inu_rta,RTAシリーズ,アニメ,
,,,,,
,,,,,
,,,,,
,,,,,
,,,,,
,,,,,
,,,,,
白雪姫ワンネス,douwa,sryk_oneness,童話シリーズ,童話,
クソでかシンデレラ,douwa,biggest_cinderella,童話シリーズ,童話,
,,,,,
高出力バーナー売りの少女,douwa,big_cinderella,童話シリーズ,,童話
新解釈赤ずきん,douwa,big_cinderella,童話シリーズ,,童話
新解釈赤ずきん外伝VS火の商人,douwa,big_cinderella,童話シリーズ,,童話
新解釈三匹の子豚,douwa,big_cinderella,童話シリーズ,,童話
新解釈舌切雀,douwa,big_cinderella,童話シリーズ,,童話
新解釈金太郎,douwa,big_cinderella,童話シリーズ,,童話
,,,,,
,,,,,
,,,,,
,,,,,
,,,,,
,,,,,
,,,,,
,,,,,
,,,,,
レアメタル・ガンマン,tanpen,rare_gun,短編集,オリジナル,
業,tanpen,あ,短編集,,オリジナル
CRクラシック,tanpen,あ,短編集,,クラシック
新MARVELヒーロー『MOMOTAROU』,tanpen,gijiroku/marvels_momotaro,短編集,企画議事録,
社怪人シリーズ,tanpen,syakaijin,短編集,オリジナル,
ウソ病気シリーズ,tanpen,uso_byouki,短編集,オリジナル,
